{"frames":{"New Piskel0.png":{"frame":{"x":0,"y":0,"w":12800,"h":12800},"rotated":false,"trimmed":false,"spriteSourceSize":{"x":0,"y":0,"w":12800,"h":12800},"sourceSize":{"w":12800,"h":12800}},"New Piskel1.png":{"frame":{"x":12800,"y":0,"w":12800,"h":12800},"rotated":false,"trimmed":false,"spriteSourceSize":{"x":0,"y":0,"w":12800,"h":12800},"sourceSize":{"w":12800,"h":12800}},"New Piskel2.png":{"frame":{"x":0,"y":12800,"w":12800,"h":12800},"rotated":false,"trimmed":false,"spriteSourceSize":{"x":0,"y":0,"w":12800,"h":12800},"sourceSize":{"w":12800,"h":12800}}},"meta":{"app":"https://github.com/piskelapp/piskel/","version":"1.0","image":"New Piskel.png","format":"RGBA8888","size":{"w":25600,"h":25600}}}